{"cameraMode":{"drawMode":0,"name":"Shaded","section":"Shading Mode"},"sceneLighting":false,"audioPlay":false,"sceneViewState":{"showFog":true,"showMaterialUpdate":false,"showSkybox":true,"showFlares":true,"showImageEffects":true,"showParticleSystems":true},"in2DMode":false,"pivot":{"x":0.32999998331069949,"y":1.0099999904632569,"z":-24.729999542236329},"rotation":{"x":0.14009445905685426,"y":-0.40885254740715029,"z":0.06367498636245728,"w":0.8995317220687866},"size":7.000357151031494,"orthographic":false}